EntryTime,EntryBar,Direction,EntryPrice,ExitTime,ExitBar,ExitPrice,BarsHeld,RealizedPoints,MFE,MAE,ExitReason,PendingUsed,ConfirmDelta,MinHoldBars,MinEntryFastGrad,ValidationMinFastGrad,ExitConfirmFastEMADelta,FastExitThreshLong,FastExitThreshShort
2025-11-21 01:14:30,28,LONG,24077.00,2025-11-21 01:27:00,53,24109.00,26,32.00,50.75,5.00,VALIDATION_FAILED:FastGrad<=-1.0998(need>0.25),0,0.00,1,0.45,0.25,0.50,-0.25
2025-11-21 01:28:00,55,LONG,24124.25,2025-11-21 01:31:00,61,24110.00,7,-14.25,5.50,0.00,VALIDATION_FAILED:FastGrad<=-1.9987(need>0.25),0,0.00,1,0.45,0.25,0.50,-0.25
2025-11-21 01:31:30,62,SHORT,24115.00,2025-11-21 01:32:00,63,24128.25,2,-13.25,0.00,0.00,VALIDATION_FAILED:FastGrad>=1.2867(need<-0.25),0,0.00,1,0.45,0.25,0.50,-0.25
2025-11-21 01:32:30,64,LONG,24127.75,2025-11-21 01:36:30,72,24128.25,9,0.50,14.50,1.00,VALIDATION_FAILED:FastGrad<=-0.6050(need>0.25),0,0.00,1,0.45,0.25,0.50,-0.25
2025-11-21 01:37:00,73,SHORT,24117.50,2025-11-21 01:41:00,81,24117.00,9,0.50,10.75,0.00,VALIDATION_FAILED:FastGrad>=0.1954(need<-0.25),0,0.00,1,0.45,0.25,0.50,-0.25
2025-11-21 01:41:30,82,SHORT,24106.75,2025-11-21 01:42:00,83,24112.75,2,-6.00,0.00,0.00,VALIDATION_FAILED:FastGrad>=-0.2242(need<-0.25),0,0.00,1,0.45,0.25,0.50,-0.25
2025-11-21 01:42:30,84,LONG,24118.75,2025-11-21 01:50:00,99,24147.75,16,29.00,45.75,0.00,VALIDATION_FAILED:FastGrad<=-0.5105(need>0.25),0,0.00,1,0.45,0.25,0.50,-0.25
2025-11-21 01:50:30,100,SHORT,24141.00,2025-11-21 01:51:00,101,24152.75,2,-11.75,0.00,0.00,VALIDATION_FAILED:FastGrad>=0.5846(need<-0.25),0,0.00,1,0.45,0.25,0.50,-0.25
2025-11-21 01:51:30,102,SHORT,24139.25,2025-11-21 01:55:30,110,24143.75,9,-4.50,3.25,3.25,VALIDATION_FAILED:FastGrad>=0.3964(need<-0.25),0,0.00,1,0.45,0.25,0.50,-0.25
2025-11-21 01:56:00,111,LONG,24147.50,2025-11-21 01:58:00,115,24140.50,5,-7.00,7.75,0.00,VALIDATION_FAILED:FastGrad<=-1.0227(need>0.25),0,0.00,1,0.45,0.25,0.50,-0.25
2025-11-21 01:58:30,116,SHORT,24138.25,2025-11-21 02:01:00,121,24145.25,6,-7.00,7.75,0.00,VALIDATION_FAILED:FastGrad>=0.9490(need<-0.25),0,0.00,1,0.45,0.25,0.50,-0.25
2025-11-21 02:02:30,124,SHORT,24133.00,2025-11-21 02:05:00,129,24130.00,6,3.00,15.25,0.00,VALIDATION_FAILED:FastGrad>=-0.0079(need<-0.25),0,0.00,1,0.45,0.25,0.50,-0.25
2025-11-21 02:05:30,130,SHORT,24121.75,2025-11-21 02:06:00,131,24136.00,2,-14.25,0.00,0.00,VALIDATION_FAILED:FastGrad>=1.1420(need<-0.25),0,0.00,1,0.45,0.25,0.50,-0.25
2025-11-21 02:06:30,132,LONG,24142.00,2025-11-21 02:13:30,146,24164.00,15,22.00,34.00,0.00,VALIDATION_FAILED:FastGrad<=-0.2764(need>0.25),0,0.00,1,0.45,0.25,0.50,-0.25
2025-11-21 02:14:00,147,LONG,24171.75,2025-11-21 02:14:30,148,24165.00,2,-6.75,0.00,0.00,VALIDATION_FAILED:FastGrad<=-0.2805(need>0.25),0,0.00,1,0.45,0.25,0.50,-0.25
2025-11-21 02:15:00,149,LONG,24173.25,2025-11-21 02:16:00,151,24168.50,3,-4.75,0.00,3.75,VALIDATION_FAILED:FastGrad<=0.0723(need>0.25),0,0.00,1,0.45,0.25,0.50,-0.25
2025-11-21 02:16:30,152,SHORT,24159.50,2025-11-21 02:17:30,154,24166.50,3,-7.00,0.00,2.25,VALIDATION_FAILED:FastGrad>=0.1662(need<-0.25),0,0.00,1,0.45,0.25,0.50,-0.25
2025-11-21 02:18:00,155,LONG,24183.25,2025-11-21 02:20:30,160,24178.25,6,-5.00,5.00,2.00,VALIDATION_FAILED:FastGrad<=0.1304(need>0.25),0,0.00,1,0.45,0.25,0.50,-0.25
2025-11-21 02:21:00,161,LONG,24180.75,2025-11-21 02:22:30,164,24178.50,4,-2.25,4.25,0.00,VALIDATION_FAILED:FastGrad<=-0.3180(need>0.25),0,0.00,1,0.45,0.25,0.50,-0.25
2025-11-21 02:30:30,180,SHORT,24182.75,2025-11-21 02:31:30,182,24186.00,3,-3.25,0.00,0.00,VALIDATION_FAILED:FastGrad>=0.0753(need<-0.25),0,0.00,1,0.45,0.25,0.50,-0.25
2025-11-21 02:33:30,186,SHORT,24181.50,2025-11-21 02:34:30,188,24183.00,3,-1.50,0.75,0.00,VALIDATION_FAILED:FastGrad>=-0.1967(need<-0.25),0,0.00,1,0.45,0.25,0.50,-0.25
2025-11-21 02:36:00,191,LONG,24191.00,2025-11-21 02:37:30,194,24188.75,4,-2.25,5.00,0.00,VALIDATION_FAILED:FastGrad<=0.0046(need>0.25),0,0.00,1,0.45,0.25,0.50,-0.25
2025-11-21 02:40:00,199,SHORT,24184.00,2025-11-21 02:40:30,200,24187.25,2,-3.25,0.00,0.00,VALIDATION_FAILED:FastGrad>=-0.1825(need<-0.25),0,0.00,1,0.45,0.25,0.50,-0.25
2025-11-21 02:41:00,201,LONG,24192.25,2025-11-21 02:41:30,202,24190.50,2,-1.75,0.00,0.00,VALIDATION_FAILED:FastGrad<=0.2095(need>0.25),0,0.00,1,0.45,0.25,0.50,-0.25
2025-11-21 02:42:00,203,LONG,24193.25,2025-11-21 02:45:00,209,24189.50,7,-3.75,3.75,0.00,VALIDATION_FAILED:FastGrad<=-0.5445(need>0.25),0,0.00,1,0.45,0.25,0.50,-0.25
2025-11-21 02:45:30,210,SHORT,24186.25,2025-11-21 02:48:00,215,24182.00,6,4.25,19.75,0.00,VALIDATION_FAILED:FastGrad>=0.3685(need<-0.25),0,0.00,1,0.45,0.25,0.50,-0.25
2025-11-21 02:48:30,216,SHORT,24175.25,2025-11-21 02:51:00,221,24176.75,6,-1.50,6.00,0.00,VALIDATION_FAILED:FastGrad>=0.3355(need<-0.25),0,0.00,1,0.45,0.25,0.50,-0.25
2025-11-21 02:51:30,222,LONG,24180.25,2025-11-21 02:54:30,228,24179.75,7,-0.50,10.50,0.00,VALIDATION_FAILED:FastGrad<=-0.4014(need>0.25),0,0.00,1,0.45,0.25,0.50,-0.25
2025-11-21 02:59:30,238,SHORT,24187.50,2025-11-21 03:01:00,241,24191.50,4,-4.00,4.50,0.00,VALIDATION_FAILED:FastGrad>=0.3464(need<-0.25),0,0.00,1,0.45,0.25,0.50,-0.25
2025-11-21 03:01:30,242,LONG,24197.75,2025-11-21 03:04:00,247,24188.75,6,-9.00,5.25,0.25,VALIDATION_FAILED:FastGrad<=-1.0679(need>0.25),0,0.00,1,0.45,0.25,0.50,-0.25
2025-11-21 03:04:30,248,SHORT,24183.25,2025-11-21 03:06:30,252,24185.00,5,-1.75,12.00,0.00,VALIDATION_FAILED:FastGrad>=0.1556(need<-0.25),0,0.00,1,0.45,0.25,0.50,-0.25
2025-11-21 03:11:30,262,LONG,24192.25,2025-11-21 03:13:00,265,24189.00,4,-3.25,6.75,0.00,VALIDATION_FAILED:FastGrad<=-0.2699(need>0.25),0,0.00,1,0.45,0.25,0.50,-0.25
2025-11-21 03:13:30,266,SHORT,24183.25,2025-11-21 03:15:30,270,24183.00,5,0.25,5.75,0.00,VALIDATION_FAILED:FastGrad>=-0.2332(need<-0.25),0,0.00,1,0.45,0.25,0.50,-0.25
2025-11-21 03:16:00,271,LONG,24200.00,2025-11-21 03:21:00,281,24202.75,11,2.75,8.50,0.00,VALIDATION_FAILED:FastGrad<=-0.0657(need>0.25),0,0.00,1,0.45,0.25,0.50,-0.25
2025-11-21 03:22:00,283,SHORT,24193.25,2025-11-21 03:22:30,284,24201.00,2,-7.75,0.00,0.00,VALIDATION_FAILED:FastGrad>=-0.0737(need<-0.25),0,0.00,1,0.45,0.25,0.50,-0.25
2025-11-21 03:23:00,285,LONG,24216.50,2025-11-21 03:28:30,296,24220.00,12,3.50,12.25,4.00,VALIDATION_FAILED:FastGrad<=0.1321(need>0.25),0,0.00,1,0.45,0.25,0.50,-0.25
2025-11-21 03:33:00,305,SHORT,24214.00,2025-11-21 03:39:00,317,24197.50,13,16.50,33.25,0.00,VALIDATION_FAILED:FastGrad>=-0.1530(need<-0.25),0,0.00,1,0.45,0.25,0.50,-0.25
2025-11-21 03:39:30,318,LONG,24212.00,2025-11-21 03:40:00,319,24201.00,2,-11.00,0.00,0.00,VALIDATION_FAILED:FastGrad<=0.0245(need>0.25),0,0.00,1,0.45,0.25,0.50,-0.25
2025-11-21 03:40:30,320,LONG,24205.50,2025-11-21 03:45:30,330,24215.00,11,9.50,23.25,0.00,VALIDATION_FAILED:FastGrad<=-0.7365(need>0.25),0,0.00,1,0.45,0.25,0.50,-0.25
2025-11-21 03:46:00,331,LONG,24227.75,2025-11-21 03:48:00,335,24224.75,5,-3.00,1.50,1.00,VALIDATION_FAILED:FastGrad<=0.1120(need>0.25),0,0.00,1,0.45,0.25,0.50,-0.25
2025-11-21 03:49:00,337,SHORT,24217.50,2025-11-21 03:50:00,339,24222.50,3,-5.00,0.00,0.25,VALIDATION_FAILED:FastGrad>=0.0606(need<-0.25),0,0.00,1,0.45,0.25,0.50,-0.25
2025-11-21 03:51:00,341,LONG,24225.00,2025-11-21 03:52:00,343,24222.00,3,-3.00,0.25,0.00,VALIDATION_FAILED:FastGrad<=-0.1348(need>0.25),0,0.00,1,0.45,0.25,0.50,-0.25
2025-11-21 03:53:30,346,SHORT,24217.25,2025-11-21 03:57:00,353,24217.25,8,0.00,7.75,0.75,VALIDATION_FAILED:FastGrad>=0.1714(need<-0.25),0,0.00,1,0.45,0.25,0.50,-0.25
2025-11-21 03:58:00,355,LONG,24220.00,2025-11-21 03:59:30,358,24218.50,4,-1.50,5.00,0.00,VALIDATION_FAILED:FastGrad<=-0.0787(need>0.25),0,0.00,1,0.45,0.25,0.50,-0.25
2025-11-21 04:00:00,359,SHORT,24212.75,2025-11-21 04:01:30,362,24213.25,4,-0.50,6.25,0.00,VALIDATION_FAILED:FastGrad>=-0.1320(need<-0.25),0,0.00,1,0.45,0.25,0.50,-0.25
2025-11-21 04:02:00,363,SHORT,24206.50,2025-11-21 04:04:30,368,24209.75,6,-3.25,3.75,0.00,VALIDATION_FAILED:FastGrad>=0.3134(need<-0.25),0,0.00,1,0.45,0.25,0.50,-0.25
2025-11-21 04:08:30,376,LONG,24207.75,2025-11-21 04:09:30,378,24192.25,3,-15.50,0.00,0.50,VALIDATION_FAILED:FastGrad<=-1.8569(need>0.25),0,0.00,1,0.45,0.25,0.50,-0.25
2025-11-21 04:10:00,379,SHORT,24195.75,2025-11-21 04:16:00,391,24175.25,13,20.50,34.00,0.00,VALIDATION_FAILED:FastGrad>=0.3773(need<-0.25),0,0.00,1,0.45,0.25,0.50,-0.25
2025-11-21 04:16:30,392,LONG,24190.25,2025-11-21 04:18:00,395,24183.00,4,-7.25,0.00,5.25,VALIDATION_FAILED:GradientsNotPositive(F:0.5051,S:-0.0069),0,0.00,1,0.45,0.25,0.50,-0.25
2025-11-21 04:18:30,396,LONG,24189.25,2025-11-21 04:20:00,399,24183.25,4,-6.00,0.50,0.00,VALIDATION_FAILED:FastGrad<=-0.1848(need>0.25),0,0.00,1,0.45,0.25,0.50,-0.25
2025-11-21 04:23:30,406,SHORT,24172.50,2025-11-21 04:24:30,408,24189.75,3,-17.25,0.00,9.00,VALIDATION_FAILED:FastGrad>=0.8823(need<-0.25),0,0.00,1,0.45,0.25,0.50,-0.25
2025-11-21 04:25:00,409,LONG,24196.75,2025-11-21 04:27:30,414,24187.75,6,-9.00,0.00,6.00,VALIDATION_FAILED:FastGrad<=-0.3734(need>0.25),0,0.00,1,0.45,0.25,0.50,-0.25
2025-11-21 04:28:30,416,SHORT,24186.25,2025-11-21 04:30:00,419,24190.00,4,-3.75,1.25,0.00,VALIDATION_FAILED:FastGrad>=0.3636(need<-0.25),0,0.00,1,0.45,0.25,0.50,-0.25
2025-11-21 04:30:30,420,SHORT,24182.50,2025-11-21 04:31:30,422,24186.75,3,-4.25,2.75,0.00,VALIDATION_FAILED:FastGrad>=0.1782(need<-0.25),0,0.00,1,0.45,0.25,0.50,-0.25
2025-11-21 04:32:00,423,LONG,24190.00,2025-11-21 04:33:00,425,24187.75,3,-2.25,0.25,0.00,VALIDATION_FAILED:FastGrad<=0.0759(need>0.25),0,0.00,1,0.45,0.25,0.50,-0.25
2025-11-21 04:40:00,439,SHORT,24188.00,2025-11-21 04:41:00,441,24205.50,3,-17.50,0.75,0.00,VALIDATION_FAILED:FastGrad>=1.5057(need<-0.25),0,0.00,1,0.45,0.25,0.50,-0.25
2025-11-21 04:41:30,442,LONG,24209.50,2025-11-21 04:45:00,449,24208.25,8,-1.25,2.75,2.75,VALIDATION_FAILED:FastGrad<=0.2009(need>0.25),0,0.00,1,0.45,0.25,0.50,-0.25
2025-11-21 04:45:30,450,SHORT,24202.75,2025-11-21 04:46:00,451,24203.75,2,-1.00,0.00,0.00,VALIDATION_FAILED:GradientsNotNegative(F:-0.3794,S:0.0553),0,0.00,1,0.45,0.25,0.50,-0.25
2025-11-21 05:07:30,494,LONG,24180.25,2025-11-21 05:10:00,499,24175.75,6,-4.50,1.00,2.75,VALIDATION_FAILED:FastGrad<=0.0191(need>0.25),0,0.00,1,0.45,0.25,0.50,-0.25
2025-11-21 05:11:00,501,LONG,24184.25,2025-11-21 05:14:00,507,24184.75,7,0.50,7.25,0.00,VALIDATION_FAILED:FastGrad<=0.1981(need>0.25),0,0.00,1,0.45,0.25,0.50,-0.25
2025-11-21 05:14:30,508,LONG,24188.75,2025-11-21 05:15:00,509,24183.75,2,-5.00,0.00,0.00,VALIDATION_FAILED:FastGrad<=-0.1025(need>0.25),0,0.00,1,0.45,0.25,0.50,-0.25
2025-11-21 05:22:30,524,LONG,24175.25,2025-11-21 05:25:00,529,24179.50,6,4.25,14.75,0.00,VALIDATION_FAILED:FastGrad<=-0.2156(need>0.25),0,0.00,1,0.45,0.25,0.50,-0.25
2025-11-21 05:26:30,532,LONG,24182.75,2025-11-21 05:29:30,538,24186.50,7,3.75,5.25,0.00,VALIDATION_FAILED:FastGrad<=0.2486(need>0.25),0,0.00,1,0.45,0.25,0.50,-0.25
2025-11-21 05:33:00,545,SHORT,24181.00,2025-11-21 05:33:30,546,24184.50,2,-3.50,0.00,0.00,VALIDATION_FAILED:FastGrad>=-0.1279(need<-0.25),0,0.00,1,0.45,0.25,0.50,-0.25
2025-11-21 05:40:00,559,SHORT,24192.00,2025-11-21 05:40:30,560,24207.25,2,-15.25,0.00,0.00,VALIDATION_FAILED:FastGrad>=0.8370(need<-0.25),0,0.00,1,0.45,0.25,0.50,-0.25
2025-11-21 05:41:00,561,LONG,24213.75,2025-11-21 05:41:30,562,24206.00,2,-7.75,0.00,0.00,VALIDATION_FAILED:FastGrad<=0.2091(need>0.25),0,0.00,1,0.45,0.25,0.50,-0.25
2025-11-21 05:46:30,572,SHORT,24209.25,2025-11-21 05:47:00,573,24215.50,2,-6.25,0.00,0.00,VALIDATION_FAILED:FastGrad>=-0.1481(need<-0.25),0,0.00,1,0.45,0.25,0.50,-0.25
2025-11-21 05:50:00,579,SHORT,24213.75,2025-11-21 05:51:30,582,24218.00,4,-4.25,3.50,0.00,VALIDATION_FAILED:FastGrad>=0.2864(need<-0.25),0,0.00,1,0.45,0.25,0.50,-0.25
2025-11-21 05:52:00,583,SHORT,24212.25,2025-11-21 05:58:00,595,24206.50,13,5.75,16.50,0.00,VALIDATION_FAILED:FastGrad>=0.5196(need<-0.25),0,0.00,1,0.45,0.25,0.50,-0.25
2025-11-21 06:02:00,603,SHORT,24196.25,2025-11-21 06:06:00,611,24190.25,9,6.00,11.00,0.00,VALIDATION_FAILED:FastGrad>=0.0502(need<-0.25),0,0.00,1,0.45,0.25,0.50,-0.25
2025-11-21 06:06:30,612,SHORT,24181.75,2025-11-21 06:09:00,617,24189.00,6,-7.25,12.00,0.00,VALIDATION_FAILED:FastGrad>=1.2441(need<-0.25),0,0.00,1,0.45,0.25,0.50,-0.25
2025-11-21 06:11:00,621,LONG,24189.25,2025-11-21 06:11:30,622,24182.00,2,-7.25,0.00,0.00,VALIDATION_FAILED:FastGrad<=-0.2649(need>0.25),0,0.00,1,0.45,0.25,0.50,-0.25
2025-11-21 06:21:00,641,SHORT,24168.75,2025-11-21 06:21:30,642,24172.75,2,-4.00,0.00,0.00,VALIDATION_FAILED:FastGrad>=0.0463(need<-0.25),0,0.00,1,0.45,0.25,0.50,-0.25
2025-11-21 06:27:30,654,LONG,24151.50,2025-11-21 06:28:30,656,24147.75,3,-3.75,0.50,0.00,VALIDATION_FAILED:GradientsNotPositive(F:0.5111,S:-0.2892),0,0.00,1,0.45,0.25,0.50,-0.25
2025-11-21 06:29:00,657,LONG,24158.25,2025-11-21 06:30:30,660,24151.75,4,-6.50,0.00,2.25,VALIDATION_FAILED:GradientsNotPositive(F:0.2726,S:-0.0358),0,0.00,1,0.45,0.25,0.50,-0.25
2025-11-21 06:36:00,671,SHORT,24127.00,2025-11-21 06:37:00,673,24138.75,3,-11.75,0.00,0.25,VALIDATION_FAILED:FastGrad>=0.6428(need<-0.25),0,0.00,1,0.45,0.25,0.50,-0.25
2025-11-21 06:43:00,685,LONG,24131.00,2025-11-21 06:45:00,689,24127.00,5,-4.00,3.25,0.75,VALIDATION_FAILED:FastGrad<=-0.0936(need>0.25),0,0.00,1,0.45,0.25,0.50,-0.25
2025-11-21 06:46:00,691,LONG,24133.75,2025-11-21 06:48:00,695,24124.50,5,-9.25,11.25,0.00,VALIDATION_FAILED:FastGrad<=-1.3832(need>0.25),0,0.00,1,0.45,0.25,0.50,-0.25
2025-11-21 06:48:30,696,SHORT,24120.25,2025-11-21 06:53:00,705,24117.75,10,2.50,9.75,7.75,VALIDATION_FAILED:FastGrad>=-0.1766(need<-0.25),0,0.00,1,0.45,0.25,0.50,-0.25
2025-11-21 06:54:30,708,LONG,24129.25,2025-11-21 07:04:30,728,24179.75,21,50.50,68.00,0.00,VALIDATION_FAILED:FastGrad<=0.2157(need>0.25),0,0.00,1,0.45,0.25,0.50,-0.25
2025-11-21 07:05:00,729,LONG,24185.25,2025-11-21 07:05:30,730,24167.75,2,-17.50,0.00,0.00,VALIDATION_FAILED:FastGrad<=-1.7542(need>0.25),0,0.00,1,0.45,0.25,0.50,-0.25
2025-11-21 07:06:00,731,SHORT,24162.50,2025-11-21 07:07:00,733,24167.75,3,-5.25,7.25,0.00,VALIDATION_FAILED:GradientsNotNegative(F:-0.5460,S:0.1001),0,0.00,1,0.45,0.25,0.50,-0.25
2025-11-21 07:08:00,735,LONG,24185.75,2025-11-21 07:09:00,737,24174.50,3,-11.25,0.00,7.75,VALIDATION_FAILED:FastGrad<=0.0463(need>0.25),0,0.00,1,0.45,0.25,0.50,-0.25
2025-11-21 07:12:00,743,LONG,24179.75,2025-11-21 07:12:30,744,24176.25,2,-3.50,0.00,0.00,VALIDATION_FAILED:FastGrad<=-0.0921(need>0.25),0,0.00,1,0.45,0.25,0.50,-0.25
2025-11-21 07:13:00,745,LONG,24179.75,2025-11-21 07:20:30,760,24184.50,16,4.75,24.50,0.00,VALIDATION_FAILED:FastGrad<=-1.6786(need>0.25),0,0.00,1,0.45,0.25,0.50,-0.25
2025-11-21 07:21:00,761,SHORT,24188.25,2025-11-21 07:22:30,764,24193.25,4,-5.00,3.75,0.00,VALIDATION_FAILED:FastGrad>=0.4369(need<-0.25),0,0.00,1,0.45,0.25,0.50,-0.25
2025-11-21 07:23:00,765,SHORT,24184.25,2025-11-21 07:24:30,768,24186.50,4,-2.25,0.25,1.00,VALIDATION_FAILED:FastGrad>=-0.1837(need<-0.25),0,0.00,1,0.45,0.25,0.50,-0.25
2025-11-21 07:27:30,774,LONG,24190.75,2025-11-21 07:28:30,776,24186.00,3,-4.75,1.25,0.00,VALIDATION_FAILED:FastGrad<=-0.2754(need>0.25),0,0.00,1,0.45,0.25,0.50,-0.25
2025-11-21 07:29:00,777,SHORT,24176.00,2025-11-21 07:31:00,781,24178.75,5,-2.75,8.25,3.50,VALIDATION_FAILED:FastGrad>=-0.2020(need<-0.25),0,0.00,1,0.45,0.25,0.50,-0.25
2025-11-21 07:31:30,782,SHORT,24172.00,2025-11-21 07:42:30,804,24141.75,23,30.25,36.50,0.00,VALIDATION_FAILED:FastGrad>=0.1400(need<-0.25),0,0.00,1,0.45,0.25,0.50,-0.25
2025-11-21 07:43:00,805,SHORT,24135.25,2025-11-21 07:43:30,806,24141.50,2,-6.25,0.00,0.00,VALIDATION_FAILED:FastGrad>=0.2902(need<-0.25),0,0.00,1,0.45,0.25,0.50,-0.25
2025-11-21 07:44:30,808,LONG,24145.25,2025-11-21 07:46:00,811,24144.00,4,-1.25,7.00,0.00,VALIDATION_FAILED:FastGrad<=-0.0137(need>0.25),0,0.00,1,0.45,0.25,0.50,-0.25
2025-11-21 07:46:30,812,LONG,24150.00,2025-11-21 07:48:00,815,24135.00,4,-15.00,0.00,2.25,VALIDATION_FAILED:FastGrad<=-1.6187(need>0.25),0,0.00,1,0.45,0.25,0.50,-0.25
2025-11-21 07:52:30,824,SHORT,24135.25,2025-11-21 07:56:30,832,24139.75,9,-4.50,4.50,2.50,VALIDATION_FAILED:FastGrad>=0.8372(need<-0.25),0,0.00,1,0.45,0.25,0.50,-0.25
2025-11-21 07:57:00,833,LONG,24142.00,2025-11-21 07:59:00,837,24139.25,5,-2.75,9.00,0.00,VALIDATION_FAILED:FastGrad<=-0.2707(need>0.25),0,0.00,1,0.45,0.25,0.50,-0.25
2025-11-21 08:05:00,849,LONG,24146.25,2025-11-21 08:07:30,854,24146.75,6,0.50,7.50,0.00,VALIDATION_FAILED:FastGrad<=0.1995(need>0.25),0,0.00,1,0.45,0.25,0.50,-0.25
2025-11-21 08:08:00,855,LONG,24149.75,2025-11-21 08:08:30,856,24147.50,2,-2.25,0.00,0.00,VALIDATION_FAILED:FastGrad<=0.1527(need>0.25),0,0.00,1,0.45,0.25,0.50,-0.25
2025-11-21 08:09:00,857,SHORT,24143.50,2025-11-21 08:09:30,858,24144.75,2,-1.25,0.00,0.00,VALIDATION_FAILED:FastGrad>=-0.1769(need<-0.25),0,0.00,1,0.45,0.25,0.50,-0.25
2025-11-21 08:10:30,860,LONG,24149.75,2025-11-21 08:14:30,868,24156.00,9,6.25,15.00,0.00,VALIDATION_FAILED:FastGrad<=-0.0136(need>0.25),0,0.00,1,0.45,0.25,0.50,-0.25
2025-11-21 08:15:00,869,LONG,24161.25,2025-11-21 08:18:30,876,24169.25,8,8.00,18.00,0.00,VALIDATION_FAILED:FastGrad<=0.2058(need>0.25),0,0.00,1,0.45,0.25,0.50,-0.25
2025-11-21 08:19:30,878,SHORT,24162.75,2025-11-21 08:21:30,882,24164.00,5,-1.25,8.75,0.00,VALIDATION_FAILED:FastGrad>=0.1913(need<-0.25),0,0.00,1,0.45,0.25,0.50,-0.25
2025-11-21 08:22:00,883,LONG,24166.75,2025-11-21 08:26:30,892,24172.75,10,6.00,10.50,0.00,VALIDATION_FAILED:FastGrad<=0.1359(need>0.25),0,0.00,1,0.45,0.25,0.50,-0.25
2025-11-21 08:27:00,893,SHORT,24164.75,2025-11-21 08:32:00,903,24149.00,11,15.75,32.75,0.00,VALIDATION_FAILED:FastGrad>=0.4734(need<-0.25),0,0.00,1,0.45,0.25,0.50,-0.25
2025-11-21 08:35:30,910,LONG,24164.25,2025-11-21 08:38:00,915,24158.50,6,-5.75,4.75,0.25,VALIDATION_FAILED:FastGrad<=0.0571(need>0.25),0,0.00,1,0.45,0.25,0.50,-0.25
2025-11-21 08:38:30,916,SHORT,24152.50,2025-11-21 08:40:30,920,24159.25,5,-6.75,7.75,0.00,VALIDATION_FAILED:FastGrad>=0.8662(need<-0.25),0,0.00,1,0.45,0.25,0.50,-0.25
2025-11-21 08:41:00,921,LONG,24160.75,2025-11-21 08:45:30,930,24169.75,10,9.00,13.75,0.25,VALIDATION_FAILED:FastGrad<=0.2185(need>0.25),0,0.00,1,0.45,0.25,0.50,-0.25
2025-11-21 08:47:30,934,LONG,24170.75,2025-11-21 08:48:30,936,24170.75,3,0.00,3.50,0.00,VALIDATION_FAILED:FastGrad<=0.1798(need>0.25),0,0.00,1,0.45,0.25,0.50,-0.25
2025-11-21 08:54:30,948,SHORT,24170.00,2025-11-21 08:58:30,956,24178.50,9,-8.50,2.25,5.75,VALIDATION_FAILED:FastGrad>=0.5140(need<-0.25),0,0.00,1,0.45,0.25,0.50,-0.25
2025-11-21 09:00:00,959,SHORT,24172.50,2025-11-21 09:00:30,960,24174.75,2,-2.25,0.00,0.00,VALIDATION_FAILED:FastGrad>=-0.0592(need<-0.25),0,0.00,1,0.45,0.25,0.50,-0.25
2025-11-21 09:01:00,961,SHORT,24171.25,2025-11-21 09:01:30,962,24177.25,2,-6.00,0.00,0.00,VALIDATION_FAILED:FastGrad>=0.4570(need<-0.25),0,0.00,1,0.45,0.25,0.50,-0.25
2025-11-21 09:02:00,963,SHORT,24171.00,2025-11-21 09:05:30,970,24168.00,8,3.00,13.25,0.50,VALIDATION_FAILED:FastGrad>=0.2969(need<-0.25),0,0.00,1,0.45,0.25,0.50,-0.25
2025-11-21 09:06:00,971,LONG,24173.00,2025-11-21 09:09:00,977,24175.50,7,2.50,9.75,0.00,VALIDATION_FAILED:FastGrad<=-0.0457(need>0.25),0,0.00,1,0.45,0.25,0.50,-0.25
2025-11-21 09:11:30,982,SHORT,24172.75,2025-11-21 09:17:00,993,24169.00,12,3.75,13.25,0.00,VALIDATION_FAILED:FastGrad>=0.5401(need<-0.25),0,0.00,1,0.45,0.25,0.50,-0.25
2025-11-21 09:17:30,994,LONG,24173.25,2025-11-21 09:20:30,1000,24173.50,7,0.25,18.00,0.00,VALIDATION_FAILED:FastGrad<=-0.7244(need>0.25),0,0.00,1,0.45,0.25,0.50,-0.25
2025-11-21 09:28:00,1015,SHORT,24179.50,2025-11-21 09:28:30,1016,24183.75,2,-4.25,0.00,0.00,VALIDATION_FAILED:FastGrad>=0.2206(need<-0.25),0,0.00,1,0.45,0.25,0.50,-0.25
2025-11-21 09:30:00,1019,SHORT,24178.50,2025-11-21 09:30:30,1020,24193.75,2,-15.25,0.00,0.00,VALIDATION_FAILED:FastGrad>=1.7894(need<-0.25),0,0.00,1,0.45,0.25,0.50,-0.25
2025-11-21 09:31:00,1021,LONG,24193.75,2025-11-21 09:31:30,1022,24184.50,2,-9.25,0.00,0.00,VALIDATION_FAILED:FastGrad<=-0.2067(need>0.25),0,0.00,1,0.45,0.25,0.50,-0.25
2025-11-21 09:33:30,1026,SHORT,24182.00,2025-11-21 09:39:30,1038,24154.50,13,27.50,42.25,0.00,VALIDATION_FAILED:FastGrad>=0.0566(need<-0.25),0,0.00,1,0.45,0.25,0.50,-0.25
2025-11-21 09:40:00,1039,SHORT,24150.25,2025-11-21 09:41:00,1041,24156.75,3,-6.50,2.75,0.00,VALIDATION_FAILED:FastGrad>=0.5413(need<-0.25),0,0.00,1,0.45,0.25,0.50,-0.25
2025-11-21 09:42:00,1043,LONG,24160.75,2025-11-21 09:43:00,1045,24159.50,3,-1.25,2.50,0.00,VALIDATION_FAILED:GradientsNotPositive(F:0.3452,S:-0.0051),0,0.00,1,0.45,0.25,0.50,-0.25
2025-11-21 09:52:00,1063,SHORT,24097.50,2025-11-21 09:58:00,1075,24084.00,13,13.50,27.25,0.50,VALIDATION_FAILED:FastGrad>=0.6196(need<-0.25),0,0.00,1,0.45,0.25,0.50,-0.25
2025-11-21 09:58:30,1076,SHORT,24077.25,2025-11-21 09:59:00,1077,24080.75,2,-3.50,0.00,0.00,VALIDATION_FAILED:FastGrad>=0.0575(need<-0.25),0,0.00,1,0.45,0.25,0.50,-0.25
2025-11-21 10:01:00,1081,LONG,24090.00,2025-11-21 10:02:00,1083,24082.50,3,-7.50,0.00,1.25,VALIDATION_FAILED:FastGrad<=-0.0275(need>0.25),0,0.00,1,0.45,0.25,0.50,-0.25
2025-11-21 10:02:30,1084,LONG,24099.75,2025-11-21 10:03:00,1085,24086.25,2,-13.50,0.00,0.00,VALIDATION_FAILED:FastGrad<=0.0203(need>0.25),0,0.00,1,0.45,0.25,0.50,-0.25
2025-11-21 10:03:30,1086,LONG,24094.75,2025-11-21 10:12:00,1103,24155.25,18,60.50,80.75,1.00,VALIDATION_FAILED:FastGrad<=-0.0294(need>0.25),0,0.00,1,0.45,0.25,0.50,-0.25
2025-11-21 10:19:00,1117,SHORT,24155.75,2025-11-21 10:19:30,1118,24162.25,2,-6.50,0.00,0.00,VALIDATION_FAILED:FastGrad>=0.0704(need<-0.25),0,0.00,1,0.45,0.25,0.50,-0.25
2025-11-21 10:20:00,1119,SHORT,24137.50,2025-11-21 10:24:00,1127,24147.00,9,-9.50,22.00,7.25,VALIDATION_FAILED:FastGrad>=1.8638(need<-0.25),0,0.00,1,0.45,0.25,0.50,-0.25
2025-11-21 10:24:30,1128,LONG,24146.75,2025-11-21 10:26:30,1132,24131.00,5,-15.75,12.25,0.00,VALIDATION_FAILED:FastGrad<=-2.0566(need>0.25),0,0.00,1,0.45,0.25,0.50,-0.25
2025-11-21 10:27:00,1133,SHORT,24136.75,2025-11-21 10:28:00,1135,24156.50,3,-19.75,8.50,0.00,VALIDATION_FAILED:FastGrad>=2.6444(need<-0.25),0,0.00,1,0.45,0.25,0.50,-0.25
2025-11-21 10:28:30,1136,LONG,24149.75,2025-11-21 10:29:00,1137,24144.00,2,-5.75,0.00,0.00,VALIDATION_FAILED:FastGrad<=0.0520(need>0.25),0,0.00,1,0.45,0.25,0.50,-0.25
2025-11-21 10:29:30,1138,SHORT,24137.50,2025-11-21 10:30:30,1140,24148.00,3,-10.50,0.00,1.50,VALIDATION_FAILED:FastGrad>=0.8514(need<-0.25),0,0.00,1,0.45,0.25,0.50,-0.25
2025-11-21 10:31:30,1142,LONG,24155.75,2025-11-21 10:33:30,1146,24152.25,5,-3.50,4.00,1.75,VALIDATION_FAILED:FastGrad<=0.2232(need>0.25),0,0.00,1,0.45,0.25,0.50,-0.25
2025-11-21 10:34:00,1147,SHORT,24146.75,2025-11-21 10:38:30,1156,24139.50,10,7.25,25.50,0.00,VALIDATION_FAILED:FastGrad>=0.7762(need<-0.25),0,0.00,1,0.45,0.25,0.50,-0.25
2025-11-21 10:39:00,1157,LONG,24150.75,2025-11-21 10:41:30,1162,24136.50,6,-14.25,0.25,5.00,VALIDATION_FAILED:FastGrad<=-1.0800(need>0.25),0,0.00,1,0.45,0.25,0.50,-0.25
2025-11-21 10:42:00,1163,LONG,24148.00,2025-11-21 10:43:30,1166,24146.00,4,-2.00,0.75,0.00,VALIDATION_FAILED:FastGrad<=0.1476(need>0.25),0,0.00,1,0.45,0.25,0.50,-0.25
2025-11-21 10:44:00,1167,LONG,24151.75,2025-11-21 10:49:30,1178,24171.25,12,19.50,41.25,0.00,VALIDATION_FAILED:FastGrad<=-0.3800(need>0.25),0,0.00,1,0.45,0.25,0.50,-0.25
2025-11-21 10:50:30,1180,SHORT,24163.00,2025-11-21 10:51:30,1182,24168.75,3,-5.75,4.00,0.00,VALIDATION_FAILED:FastGrad>=-0.0595(need<-0.25),0,0.00,1,0.45,0.25,0.50,-0.25
2025-11-21 10:52:00,1183,LONG,24183.50,2025-11-21 11:01:00,1201,24207.75,19,24.25,28.50,0.00,VALIDATION_FAILED:FastGrad<=0.2451(need>0.25),0,0.00,1,0.45,0.25,0.50,-0.25
2025-11-21 11:02:00,1203,SHORT,24194.00,2025-11-21 11:04:30,1208,24203.50,6,-9.50,2.25,3.00,VALIDATION_FAILED:FastGrad>=0.7986(need<-0.25),0,0.00,1,0.45,0.25,0.50,-0.25
2025-11-21 11:05:00,1209,SHORT,24194.75,2025-11-21 11:07:00,1213,24195.00,5,-0.25,5.25,0.00,VALIDATION_FAILED:FastGrad>=0.0162(need<-0.25),0,0.00,1,0.45,0.25,0.50,-0.25
2025-11-21 11:07:30,1214,LONG,24204.50,2025-11-21 11:10:00,1219,24193.75,6,-10.75,6.00,0.25,VALIDATION_FAILED:FastGrad<=-1.3813(need>0.25),0,0.00,1,0.45,0.25,0.50,-0.25
2025-11-21 11:10:30,1220,SHORT,24196.25,2025-11-21 11:12:30,1224,24198.25,5,-2.00,6.75,0.00,VALIDATION_FAILED:FastGrad>=0.3335(need<-0.25),0,0.00,1,0.45,0.25,0.50,-0.25
2025-11-21 11:13:00,1225,LONG,24202.25,2025-11-21 11:14:00,1227,24196.50,3,-5.75,0.00,0.75,VALIDATION_FAILED:FastGrad<=-0.1880(need>0.25),0,0.00,1,0.45,0.25,0.50,-0.25
2025-11-21 11:28:30,1256,SHORT,24125.50,2025-11-21 11:29:00,1257,24127.25,2,-1.75,0.00,0.00,VALIDATION_FAILED:FastGrad>=-0.2170(need<-0.25),0,0.00,1,0.45,0.25,0.50,-0.25
2025-11-21 11:29:30,1258,SHORT,24119.25,2025-11-21 11:30:30,1260,24133.25,3,-14.00,0.00,3.00,VALIDATION_FAILED:FastGrad>=1.1158(need<-0.25),0,0.00,1,0.45,0.25,0.50,-0.25
2025-11-21 11:33:30,1266,SHORT,24118.50,2025-11-21 11:34:30,1268,24125.00,3,-6.50,0.00,4.00,VALIDATION_FAILED:FastGrad>=-0.0264(need<-0.25),0,0.00,1,0.45,0.25,0.50,-0.25
2025-11-21 11:35:30,1270,SHORT,24122.50,2025-11-21 11:47:30,1294,24073.75,25,48.75,76.00,0.00,VALIDATION_FAILED:FastGrad>=1.0468(need<-0.25),0,0.00,1,0.45,0.25,0.50,-0.25
2025-11-21 11:48:30,1296,LONG,24080.25,2025-11-21 11:51:30,1302,24079.25,7,-1.00,7.00,0.00,VALIDATION_FAILED:FastGrad<=0.0832(need>0.25),0,0.00,1,0.45,0.25,0.50,-0.25
2025-11-21 11:52:30,1304,SHORT,24072.50,2025-11-21 11:55:00,1309,24074.25,6,-1.75,14.50,0.00,VALIDATION_FAILED:FastGrad>=0.8136(need<-0.25),0,0.00,1,0.45,0.25,0.50,-0.25
2025-11-21 12:09:30,1338,SHORT,23938.25,2025-11-21 12:10:00,1339,23953.00,2,-14.75,0.00,0.00,VALIDATION_FAILED:FastGrad>=0.1113(need<-0.25),0,0.00,1,0.45,0.25,0.50,-0.25
2025-11-21 12:10:30,1340,SHORT,23939.50,2025-11-21 12:11:00,1341,23959.00,2,-19.50,0.00,0.00,VALIDATION_FAILED:FastGrad>=1.3307(need<-0.25),0,0.00,1,0.45,0.25,0.50,-0.25
2025-11-21 12:11:30,1342,LONG,23972.25,2025-11-21 12:12:00,1343,23955.00,2,-17.25,0.00,0.00,VALIDATION_FAILED:FastGrad<=-0.0559(need>0.25),0,0.00,1,0.45,0.25,0.50,-0.25
2025-11-21 12:12:30,1344,LONG,23979.25,2025-11-21 12:15:30,1350,23968.00,7,-11.25,11.25,8.00,VALIDATION_FAILED:FastGrad<=-0.5358(need>0.25),0,0.00,1,0.45,0.25,0.50,-0.25
2025-11-21 12:20:00,1359,LONG,23956.50,2025-11-21 12:20:30,1360,23947.00,2,-9.50,0.00,0.00,VALIDATION_FAILED:FastGrad<=-0.3702(need>0.25),0,0.00,1,0.45,0.25,0.50,-0.25
2025-11-21 12:21:00,1361,SHORT,23945.75,2025-11-21 12:25:30,1370,23943.75,10,2.00,16.25,0.00,VALIDATION_FAILED:FastGrad>=1.2427(need<-0.25),0,0.00,1,0.45,0.25,0.50,-0.25
2025-11-21 12:26:00,1371,LONG,23943.50,2025-11-21 12:26:30,1372,23942.25,2,-1.25,0.00,0.00,VALIDATION_FAILED:GradientsNotPositive(F:0.5660,S:-0.0281),0,0.00,1,0.45,0.25,0.50,-0.25
2025-11-21 12:31:00,1381,LONG,23933.00,2025-11-21 12:43:30,1406,24048.75,26,115.75,129.00,0.00,VALIDATION_FAILED:FastGrad<=0.0173(need>0.25),0,0.00,1,0.45,0.25,0.50,-0.25
2025-11-21 12:45:30,1410,SHORT,24031.50,2025-11-21 12:46:00,1411,24043.25,2,-11.75,0.00,0.00,VALIDATION_FAILED:FastGrad>=-0.0392(need<-0.25),0,0.00,1,0.45,0.25,0.50,-0.25
2025-11-21 12:49:00,1417,SHORT,24035.25,2025-11-21 12:49:30,1418,24048.00,2,-12.75,0.00,0.00,VALIDATION_FAILED:FastGrad>=0.8418(need<-0.25),0,0.00,1,0.45,0.25,0.50,-0.25
2025-11-21 12:50:00,1419,LONG,24052.00,2025-11-21 12:56:00,1431,24075.00,13,23.00,39.50,1.50,VALIDATION_FAILED:FastGrad<=-0.5178(need>0.25),0,0.00,1,0.45,0.25,0.50,-0.25
2025-11-21 12:56:30,1432,LONG,24086.00,2025-11-21 12:59:00,1437,24084.25,6,-1.75,5.00,0.00,VALIDATION_FAILED:FastGrad<=-0.1986(need>0.25),0,0.00,1,0.45,0.25,0.50,-0.25
2025-11-21 13:00:00,1439,LONG,24093.50,2025-11-21 13:01:00,1441,24087.25,3,-6.25,0.00,1.50,VALIDATION_FAILED:FastGrad<=-0.1011(need>0.25),0,0.00,1,0.45,0.25,0.50,-0.25
2025-11-21 13:01:30,1442,LONG,24106.50,2025-11-21 13:03:00,1445,24096.50,4,-10.00,11.00,0.00,VALIDATION_FAILED:FastGrad<=-0.4678(need>0.25),0,0.00,1,0.45,0.25,0.50,-0.25
2025-11-21 13:04:30,1448,SHORT,24090.00,2025-11-21 13:07:00,1453,24094.00,6,-4.00,8.25,0.00,VALIDATION_FAILED:FastGrad>=0.5938(need<-0.25),0,0.00,1,0.45,0.25,0.50,-0.25
2025-11-21 13:07:30,1454,LONG,24103.25,2025-11-21 13:17:30,1474,24137.75,21,34.50,46.25,0.00,VALIDATION_FAILED:FastGrad<=-0.2699(need>0.25),0,0.00,1,0.45,0.25,0.50,-0.25
2025-11-21 13:18:00,1475,LONG,24143.50,2025-11-21 13:18:30,1476,24128.75,2,-14.75,0.00,0.00,VALIDATION_FAILED:FastGrad<=-1.6803(need>0.25),0,0.00,1,0.45,0.25,0.50,-0.25
2025-11-21 13:19:00,1477,SHORT,24121.50,2025-11-21 13:24:00,1487,24130.25,11,-8.75,10.25,0.75,VALIDATION_FAILED:FastGrad>=1.7606(need<-0.25),0,0.00,1,0.45,0.25,0.50,-0.25
2025-11-21 13:24:30,1488,LONG,24133.00,2025-11-21 13:25:00,1489,24119.00,2,-14.00,0.00,0.00,VALIDATION_FAILED:FastGrad<=-0.6024(need>0.25),0,0.00,1,0.45,0.25,0.50,-0.25
2025-11-21 13:25:30,1490,SHORT,24119.00,2025-11-21 13:33:00,1505,24092.25,16,26.75,36.75,0.00,VALIDATION_FAILED:FastGrad>=0.2580(need<-0.25),0,0.00,1,0.45,0.25,0.50,-0.25
2025-11-21 13:33:30,1506,LONG,24101.50,2025-11-21 13:35:00,1509,24098.50,4,-3.00,1.75,1.50,VALIDATION_FAILED:GradientsNotPositive(F:0.3387,S:-0.0751),0,0.00,1,0.45,0.25,0.50,-0.25
2025-11-21 13:36:30,1512,SHORT,24092.75,2025-11-21 13:37:00,1513,24097.25,2,-4.50,0.00,0.00,VALIDATION_FAILED:FastGrad>=0.2555(need<-0.25),0,0.00,1,0.45,0.25,0.50,-0.25
2025-11-21 13:37:30,1514,LONG,24102.50,2025-11-21 13:38:00,1515,24094.50,2,-8.00,0.00,0.00,VALIDATION_FAILED:FastGrad<=-0.3568(need>0.25),0,0.00,1,0.45,0.25,0.50,-0.25
2025-11-21 13:38:30,1516,SHORT,24089.75,2025-11-21 13:43:00,1525,24080.75,10,9.00,25.25,0.00,VALIDATION_FAILED:FastGrad>=-0.2265(need<-0.25),0,0.00,1,0.45,0.25,0.50,-0.25
2025-11-21 13:44:00,1527,LONG,24089.25,2025-11-21 13:45:00,1529,24084.50,3,-4.75,0.25,0.00,VALIDATION_FAILED:FastGrad<=0.0356(need>0.25),0,0.00,1,0.45,0.25,0.50,-0.25
2025-11-21 13:45:30,1530,LONG,24087.75,2025-11-21 13:46:30,1532,24083.50,3,-4.25,0.75,0.00,VALIDATION_FAILED:FastGrad<=-0.2812(need>0.25),0,0.00,1,0.45,0.25,0.50,-0.25
2025-11-21 13:47:00,1533,SHORT,24076.00,2025-11-21 13:56:00,1551,24030.00,19,46.00,60.75,0.00,VALIDATION_FAILED:FastGrad>=0.3719(need<-0.25),0,0.00,1,0.45,0.25,0.50,-0.25
2025-11-21 13:58:30,1556,LONG,24037.75,2025-11-21 14:01:30,1562,24033.75,7,-4.00,18.50,0.00,VALIDATION_FAILED:FastGrad<=-1.2879(need>0.25),0,0.00,1,0.45,0.25,0.50,-0.25
2025-11-21 14:02:00,1563,LONG,24050.75,2025-11-21 14:05:00,1569,24056.50,7,5.75,21.50,0.50,VALIDATION_FAILED:FastGrad<=-0.0970(need>0.25),0,0.00,1,0.45,0.25,0.50,-0.25
2025-11-21 14:05:30,1570,SHORT,24048.25,2025-11-21 14:08:30,1576,24047.75,7,0.50,16.00,0.00,VALIDATION_FAILED:FastGrad>=0.5893(need<-0.25),0,0.00,1,0.45,0.25,0.50,-0.25
2025-11-21 14:09:00,1577,SHORT,24024.50,2025-11-21 14:14:30,1588,24006.50,12,18.00,49.50,0.75,VALIDATION_FAILED:FastGrad>=0.9131(need<-0.25),0,0.00,1,0.45,0.25,0.50,-0.25
2025-11-21 14:15:30,1590,LONG,24018.00,2025-11-21 14:18:00,1595,24004.25,6,-13.75,15.00,0.00,VALIDATION_FAILED:FastGrad<=-1.8044(need>0.25),0,0.00,1,0.45,0.25,0.50,-0.25
2025-11-21 14:18:30,1596,SHORT,24009.75,2025-11-21 14:20:00,1599,24010.75,4,-1.00,9.50,0.00,VALIDATION_FAILED:FastGrad>=0.0127(need<-0.25),0,0.00,1,0.45,0.25,0.50,-0.25
2025-11-21 14:20:30,1600,LONG,24017.50,2025-11-21 14:21:30,1602,24008.75,3,-8.75,0.00,1.50,VALIDATION_FAILED:FastGrad<=-0.5580(need>0.25),0,0.00,1,0.45,0.25,0.50,-0.25
2025-11-21 14:22:00,1603,SHORT,23990.00,2025-11-21 14:26:30,1612,23975.25,10,14.75,29.50,0.00,VALIDATION_FAILED:FastGrad>=-0.1054(need<-0.25),0,0.00,1,0.45,0.25,0.50,-0.25
2025-11-21 14:28:00,1615,LONG,23986.75,2025-11-21 14:28:30,1616,23985.75,2,-1.00,0.00,0.00,VALIDATION_FAILED:GradientsNotPositive(F:0.7187,S:-0.0735),0,0.00,1,0.45,0.25,0.50,-0.25
2025-11-21 14:31:00,1621,LONG,24128.75,2025-11-21 14:41:00,1641,24160.50,21,31.75,54.25,60.75,VALIDATION_FAILED:FastGrad<=-0.0452(need>0.25),0,0.00,1,0.45,0.25,0.50,-0.25
2025-11-21 14:43:30,1646,SHORT,24132.25,2025-11-21 14:44:30,1648,24158.50,3,-26.25,0.00,0.50,VALIDATION_FAILED:FastGrad>=1.6546(need<-0.25),0,0.00,1,0.45,0.25,0.50,-0.25
2025-11-21 14:45:00,1649,LONG,24165.50,2025-11-21 14:52:00,1663,24212.00,15,46.50,84.50,0.00,VALIDATION_FAILED:FastGrad<=-1.9447(need>0.25),0,0.00,1,0.45,0.25,0.50,-0.25
2025-11-21 14:53:00,1665,LONG,24242.75,2025-11-21 14:56:00,1671,24236.00,7,-6.75,12.50,5.75,VALIDATION_FAILED:FastGrad<=-0.5449(need>0.25),0,0.00,1,0.45,0.25,0.50,-0.25
2025-11-21 14:58:00,1675,SHORT,24225.75,2025-11-21 15:01:00,1681,24210.50,7,15.25,35.00,0.00,VALIDATION_FAILED:FastGrad>=0.0672(need<-0.25),0,0.00,1,0.45,0.25,0.50,-0.25
2025-11-21 15:01:30,1682,LONG,24215.25,2025-11-21 15:02:00,1683,24207.25,2,-8.00,0.00,0.00,VALIDATION_FAILED:FastGrad<=-0.5737(need>0.25),0,0.00,1,0.45,0.25,0.50,-0.25
2025-11-21 15:02:30,1684,SHORT,24198.00,2025-11-21 15:07:00,1693,24175.75,10,22.25,52.00,0.00,VALIDATION_FAILED:FastGrad>=0.3798(need<-0.25),0,0.00,1,0.45,0.25,0.50,-0.25
2025-11-21 15:09:00,1697,SHORT,24163.00,2025-11-21 15:09:30,1698,24183.25,2,-20.25,0.00,0.00,VALIDATION_FAILED:FastGrad>=1.3392(need<-0.25),0,0.00,1,0.45,0.25,0.50,-0.25
2025-11-21 15:10:00,1699,LONG,24189.75,2025-11-21 15:10:30,1700,24181.75,2,-8.00,0.00,0.00,VALIDATION_FAILED:GradientsNotPositive(F:0.4953,S:-0.1256),0,0.00,1,0.45,0.25,0.50,-0.25
2025-11-21 15:11:00,1701,SHORT,24175.00,2025-11-21 15:11:30,1702,24180.50,2,-5.50,0.00,0.00,VALIDATION_FAILED:FastGrad>=0.3334(need<-0.25),0,0.00,1,0.45,0.25,0.50,-0.25
2025-11-21 15:12:00,1703,LONG,24194.00,2025-11-21 15:23:30,1726,24262.00,24,68.00,93.25,0.00,VALIDATION_FAILED:FastGrad<=-0.6489(need>0.25),0,0.00,1,0.45,0.25,0.50,-0.25
2025-11-21 15:24:30,1728,LONG,24268.75,2025-11-21 15:25:00,1729,24254.00,2,-14.75,0.00,0.00,VALIDATION_FAILED:FastGrad<=-1.6168(need>0.25),0,0.00,1,0.45,0.25,0.50,-0.25
2025-11-21 15:25:30,1730,SHORT,24237.00,2025-11-21 15:31:30,1742,24227.50,13,9.50,44.50,0.00,VALIDATION_FAILED:FastGrad>=1.7358(need<-0.25),0,0.00,1,0.45,0.25,0.50,-0.25
2025-11-21 15:32:00,1743,LONG,24229.25,2025-11-21 15:33:00,1745,24222.50,3,-6.75,0.00,0.25,VALIDATION_FAILED:FastGrad<=0.1263(need>0.25),0,0.00,1,0.45,0.25,0.50,-0.25
2025-11-21 15:33:30,1746,SHORT,24209.00,2025-11-21 15:35:00,1749,24223.50,4,-14.50,3.50,6.50,VALIDATION_FAILED:FastGrad>=0.9462(need<-0.25),0,0.00,1,0.45,0.25,0.50,-0.25
2025-11-21 15:36:00,1751,LONG,24241.75,2025-11-21 15:40:30,1760,24250.25,10,8.50,23.50,0.00,VALIDATION_FAILED:FastGrad<=0.1742(need>0.25),0,0.00,1,0.45,0.25,0.50,-0.25
2025-11-21 15:46:00,1771,SHORT,24250.00,2025-11-21 15:47:00,1773,24258.00,3,-8.00,0.00,3.00,VALIDATION_FAILED:FastGrad>=-0.0025(need<-0.25),0,0.00,1,0.45,0.25,0.50,-0.25
2025-11-21 15:47:30,1774,LONG,24262.75,2025-11-21 15:48:30,1776,24259.50,3,-3.25,0.00,1.00,VALIDATION_FAILED:FastGrad<=0.0657(need>0.25),0,0.00,1,0.45,0.25,0.50,-0.25
2025-11-21 15:49:00,1777,SHORT,24254.25,2025-11-21 15:49:30,1778,24265.75,2,-11.50,0.00,0.00,VALIDATION_FAILED:FastGrad>=1.1278(need<-0.25),0,0.00,1,0.45,0.25,0.50,-0.25
2025-11-21 15:50:00,1779,SHORT,24252.00,2025-11-21 15:54:00,1787,24248.25,9,3.75,21.00,0.00,VALIDATION_FAILED:FastGrad>=1.0694(need<-0.25),0,0.00,1,0.45,0.25,0.50,-0.25
2025-11-21 15:54:30,1788,LONG,24250.50,2025-11-21 15:56:00,1791,24245.75,4,-4.75,7.75,0.00,VALIDATION_FAILED:FastGrad<=-0.3175(need>0.25),0,0.00,1,0.45,0.25,0.50,-0.25
2025-11-21 15:56:30,1792,SHORT,24243.50,2025-11-21 16:00:00,1799,24241.00,8,2.50,17.00,0.00,VALIDATION_FAILED:FastGrad>=0.4947(need<-0.25),0,0.00,1,0.45,0.25,0.50,-0.25
2025-11-21 16:00:30,1800,LONG,24242.75,2025-11-21 16:01:30,1802,24237.25,3,-5.50,0.25,0.00,VALIDATION_FAILED:FastGrad<=-0.3965(need>0.25),0,0.00,1,0.45,0.25,0.50,-0.25
2025-11-21 16:02:00,1803,SHORT,24218.50,2025-11-21 16:03:00,1805,24238.75,3,-20.25,0.00,6.25,VALIDATION_FAILED:FastGrad>=0.7890(need<-0.25),0,0.00,1,0.45,0.25,0.50,-0.25
2025-11-21 16:03:30,1806,LONG,24244.25,2025-11-21 16:04:00,1807,24229.75,2,-14.50,0.00,0.00,VALIDATION_FAILED:FastGrad<=-0.9376(need>0.25),0,0.00,1,0.45,0.25,0.50,-0.25
2025-11-21 16:08:30,1816,SHORT,24219.75,2025-11-21 16:09:00,1817,24230.50,2,-10.75,0.00,0.00,VALIDATION_FAILED:FastGrad>=1.0296(need<-0.25),0,0.00,1,0.45,0.25,0.50,-0.25
2025-11-21 16:09:30,1818,LONG,24240.75,2025-11-21 16:14:30,1828,24241.75,11,1.00,21.25,0.00,VALIDATION_FAILED:FastGrad<=-1.4141(need>0.25),0,0.00,1,0.45,0.25,0.50,-0.25
2025-11-21 16:15:30,1830,SHORT,24244.00,2025-11-21 16:24:30,1848,24204.25,19,39.75,53.00,0.00,VALIDATION_FAILED:FastGrad>=0.1458(need<-0.25),0,0.00,1,0.45,0.25,0.50,-0.25
2025-11-21 16:31:00,1861,LONG,24248.50,2025-11-21 16:32:30,1864,24201.50,4,-47.00,0.00,21.75,VALIDATION_FAILED:FastGrad<=-2.5680(need>0.25),0,0.00,1,0.45,0.25,0.50,-0.25
2025-11-21 16:33:00,1865,LONG,24257.25,2025-11-21 16:34:00,1867,24188.00,3,-69.25,0.00,11.25,VALIDATION_FAILED:FastGrad<=-5.7887(need>0.25),0,0.00,1,0.45,0.25,0.50,-0.25
2025-11-21 16:34:30,1868,SHORT,24201.75,2025-11-21 16:35:00,1869,24254.25,2,-52.50,0.00,0.00,VALIDATION_FAILED:FastGrad>=5.5280(need<-0.25),0,0.00,1,0.45,0.25,0.50,-0.25
2025-11-21 16:35:30,1870,LONG,24229.25,2025-11-21 16:36:00,1871,24200.25,2,-29.00,0.00,0.00,VALIDATION_FAILED:FastGrad<=-3.6593(need>0.25),0,0.00,1,0.45,0.25,0.50,-0.25
2025-11-21 16:36:30,1872,SHORT,24207.25,2025-11-21 16:37:30,1874,24252.75,3,-45.50,0.00,7.75,VALIDATION_FAILED:FastGrad>=5.1957(need<-0.25),0,0.00,1,0.45,0.25,0.50,-0.25
2025-11-21 16:38:00,1875,LONG,24242.50,2025-11-21 16:39:00,1877,24207.00,3,-35.50,0.00,6.25,VALIDATION_FAILED:FastGrad<=-3.2554(need>0.25),0,0.00,1,0.45,0.25,0.50,-0.25
2025-11-21 16:39:30,1878,SHORT,24178.50,2025-11-21 16:41:30,1882,24226.25,5,-47.75,3.00,20.50,VALIDATION_FAILED:FastGrad>=3.3248(need<-0.25),0,0.00,1,0.45,0.25,0.50,-0.25
2025-11-21 16:42:00,1883,LONG,24243.25,2025-11-21 16:43:00,1885,24214.25,3,-29.00,6.75,0.00,VALIDATION_FAILED:FastGrad<=-0.9762(need>0.25),0,0.00,1,0.45,0.25,0.50,-0.25
2025-11-21 16:43:30,1886,SHORT,24206.00,2025-11-21 16:45:00,1889,24208.25,4,-2.25,15.75,0.00,VALIDATION_FAILED:FastGrad>=-0.1501(need<-0.25),0,0.00,1,0.45,0.25,0.50,-0.25
2025-11-21 16:45:30,1890,SHORT,24180.75,2025-11-21 16:49:00,1897,24187.25,8,-6.50,68.25,0.00,VALIDATION_FAILED:FastGrad>=3.7313(need<-0.25),0,0.00,1,0.45,0.25,0.50,-0.25
2025-11-21 16:49:30,1898,LONG,24220.25,2025-11-21 16:50:00,1899,24174.75,2,-45.50,0.00,0.00,VALIDATION_FAILED:FastGrad<=-0.2422(need>0.25),0,0.00,1,0.45,0.25,0.50,-0.25
2025-11-21 16:50:30,1900,LONG,24195.75,2025-11-21 16:57:00,1913,24198.25,14,2.50,85.50,4.25,VALIDATION_FAILED:FastGrad<=-6.8781(need>0.25),0,0.00,1,0.45,0.25,0.50,-0.25
2025-11-21 16:57:30,1914,SHORT,24184.50,2025-11-21 17:01:00,1921,24223.50,8,-39.00,9.00,21.00,VALIDATION_FAILED:FastGrad>=3.0404(need<-0.25),0,0.00,1,0.45,0.25,0.50,-0.25
2025-11-21 17:01:30,1922,SHORT,24157.75,2025-11-21 17:05:30,1930,24141.75,9,16.00,59.75,0.00,VALIDATION_FAILED:FastGrad>=1.0714(need<-0.25),0,0.00,1,0.45,0.25,0.50,-0.25
2025-11-21 17:06:00,1931,LONG,24186.00,2025-11-21 17:08:30,1936,24167.50,6,-18.50,23.25,1.75,VALIDATION_FAILED:FastGrad<=-1.3086(need>0.25),0,0.00,1,0.45,0.25,0.50,-0.25
2025-11-21 17:09:00,1937,SHORT,24127.75,2025-11-21 17:10:30,1940,24158.75,4,-31.00,0.00,21.25,VALIDATION_FAILED:FastGrad>=-0.2008(need<-0.25),0,0.00,1,0.45,0.25,0.50,-0.25
2025-11-21 17:11:00,1941,SHORT,24120.00,2025-11-21 17:16:00,1951,24135.25,11,-15.25,25.75,4.50,VALIDATION_FAILED:FastGrad>=3.1256(need<-0.25),0,0.00,1,0.45,0.25,0.50,-0.25
2025-11-21 17:16:30,1952,SHORT,24100.75,2025-11-21 17:19:30,1958,24116.50,7,-15.75,42.75,2.50,VALIDATION_FAILED:FastGrad>=4.0631(need<-0.25),0,0.00,1,0.45,0.25,0.50,-0.25
2025-11-21 17:20:00,1959,LONG,24123.00,2025-11-21 17:21:00,1961,24070.50,3,-52.50,7.75,0.00,VALIDATION_FAILED:FastGrad<=-5.2002(need>0.25),0,0.00,1,0.45,0.25,0.50,-0.25
2025-11-21 17:21:30,1962,SHORT,24087.50,2025-11-21 17:23:00,1965,24089.00,4,-1.50,44.25,0.00,VALIDATION_FAILED:FastGrad>=1.2241(need<-0.25),0,0.00,1,0.45,0.25,0.50,-0.25
2025-11-21 17:23:30,1966,LONG,24118.00,2025-11-21 17:27:00,1973,24115.75,8,-2.25,70.50,0.00,VALIDATION_FAILED:FastGrad<=-3.2546(need>0.25),0,0.00,1,0.45,0.25,0.50,-0.25
2025-11-21 17:27:30,1974,SHORT,24122.00,2025-11-21 17:33:00,1985,24077.75,12,44.25,78.50,0.00,VALIDATION_FAILED:FastGrad>=1.6514(need<-0.25),0,0.00,1,0.45,0.25,0.50,-0.25
2025-11-21 17:42:00,2003,LONG,23996.75,2025-11-21 17:42:30,2004,23968.50,2,-28.25,0.00,0.00,VALIDATION_FAILED:FastGrad<=-0.1721(need>0.25),0,0.00,1,0.45,0.25,0.50,-0.25
2025-11-21 17:43:00,2005,SHORT,23963.25,2025-11-21 17:43:30,2006,23993.00,2,-29.75,0.00,0.00,VALIDATION_FAILED:FastGrad>=3.7082(need<-0.25),0,0.00,1,0.45,0.25,0.50,-0.25
2025-11-21 17:44:00,2007,LONG,23995.50,2025-11-21 17:52:00,2023,24056.00,17,60.50,98.00,0.00,VALIDATION_FAILED:FastGrad<=-2.0130(need>0.25),0,0.00,1,0.45,0.25,0.50,-0.25
2025-11-21 17:53:00,2025,SHORT,24040.25,2025-11-21 17:54:30,2028,24046.75,4,-6.50,20.50,0.00,VALIDATION_FAILED:FastGrad>=-0.2001(need<-0.25),0,0.00,1,0.45,0.25,0.50,-0.25
2025-11-21 17:55:00,2029,LONG,24074.25,2025-11-21 17:58:00,2035,24071.25,7,-3.00,18.25,2.25,VALIDATION_FAILED:FastGrad<=-0.3004(need>0.25),0,0.00,1,0.45,0.25,0.50,-0.25
2025-11-21 17:58:30,2036,SHORT,24030.50,2025-11-21 18:08:00,2055,23992.75,20,37.75,83.50,17.50,VALIDATION_FAILED:FastGrad>=1.2990(need<-0.25),0,0.00,1,0.45,0.25,0.50,-0.25
2025-11-21 18:08:30,2056,LONG,24008.25,2025-11-21 18:17:00,2073,24053.25,18,45.00,74.25,0.00,VALIDATION_FAILED:FastGrad<=-0.6164(need>0.25),0,0.00,1,0.45,0.25,0.50,-0.25
2025-11-21 18:17:30,2074,LONG,24080.25,2025-11-21 18:18:30,2076,24059.75,3,-20.50,0.00,3.00,VALIDATION_FAILED:FastGrad<=-0.5928(need>0.25),0,0.00,1,0.45,0.25,0.50,-0.25
2025-11-21 18:19:00,2077,SHORT,24021.25,2025-11-21 18:21:00,2081,24037.25,5,-16.00,23.75,0.00,VALIDATION_FAILED:FastGrad>=0.8533(need<-0.25),0,0.00,1,0.45,0.25,0.50,-0.25
2025-11-21 18:21:30,2082,LONG,24064.75,2025-11-21 18:32:30,2104,24156.00,23,91.25,131.50,0.00,VALIDATION_FAILED:FastGrad<=-0.8160(need>0.25),0,0.00,1,0.45,0.25,0.50,-0.25
2025-11-21 18:33:00,2105,LONG,24168.75,2025-11-21 18:34:00,2107,24161.00,3,-7.75,0.00,4.00,VALIDATION_FAILED:FastGrad<=-0.1959(need>0.25),0,0.00,1,0.45,0.25,0.50,-0.25
2025-11-21 18:34:30,2108,LONG,24185.75,2025-11-21 18:35:30,2110,24166.25,3,-19.50,10.00,0.00,VALIDATION_FAILED:FastGrad<=-0.8111(need>0.25),0,0.00,1,0.45,0.25,0.50,-0.25
2025-11-21 18:36:00,2111,LONG,24177.75,2025-11-21 18:40:30,2120,24205.25,10,27.50,42.50,0.00,VALIDATION_FAILED:FastGrad<=0.1110(need>0.25),0,0.00,1,0.45,0.25,0.50,-0.25
2025-11-21 18:41:00,2121,LONG,24211.75,2025-11-21 18:44:30,2128,24217.00,8,5.25,15.75,0.00,VALIDATION_FAILED:FastGrad<=0.1412(need>0.25),0,0.00,1,0.45,0.25,0.50,-0.25
2025-11-21 18:45:00,2129,LONG,24223.25,2025-11-21 18:46:00,2131,24195.50,3,-27.75,0.00,1.50,VALIDATION_FAILED:FastGrad<=-3.3043(need>0.25),0,0.00,1,0.45,0.25,0.50,-0.25
2025-11-21 18:46:30,2132,SHORT,24193.00,2025-11-21 18:47:00,2133,24220.50,2,-27.50,0.00,0.00,VALIDATION_FAILED:FastGrad>=1.5814(need<-0.25),0,0.00,1,0.45,0.25,0.50,-0.25
