EntryTime,EntryBar,Direction,EntryPrice,ExitTime,ExitBar,ExitPrice,BarsHeld,RealizedPoints,MFE,MAE,MAE_Pct,MinAbsFastGrad,NearThresholdTouches,ExitReason
2025-11-21 18:48:30,2136,LONG,24220.25,2025-11-21 19:02:30,2164,24335.75,29,115.50,151.75,0.00,0.0000,0.713100,0,VALIDATION_FAILED:FastGrad<=-0.8858(need>0.25)
2025-11-21 01:14:30,28,LONG,24077.00,2025-11-21 01:27:00,53,24109.00,26,32.00,50.75,5.00,0.0208,1.099800,0,VALIDATION_FAILED:FastGrad<=-1.0998(need>0.25)
2025-11-21 12:31:00,1381,LONG,23933.00,2025-11-21 12:43:30,1406,24048.75,26,115.75,129.00,0.00,0.0000,0.017300,1,VALIDATION_FAILED:FastGrad<=0.0173(need>0.25)
2025-11-21 11:35:30,1270,SHORT,24122.50,2025-11-21 11:47:30,1294,24073.75,25,48.75,76.00,0.00,0.0000,0.460900,0,VALIDATION_FAILED:FastGrad>=1.0468(need<-0.25)
2025-11-21 15:12:00,1703,LONG,24194.00,2025-11-21 15:23:30,1726,24262.00,24,68.00,93.25,0.00,0.0000,0.648900,0,VALIDATION_FAILED:FastGrad<=-0.6489(need>0.25)
2025-11-21 07:31:30,782,SHORT,24172.00,2025-11-21 07:42:30,804,24141.75,23,30.25,36.50,0.00,0.0000,0.140000,1,VALIDATION_FAILED:FastGrad>=0.1400(need<-0.25)
2025-11-21 18:21:30,2082,LONG,24064.75,2025-11-21 18:32:30,2104,24156.00,23,91.25,131.50,0.00,0.0000,0.816000,0,VALIDATION_FAILED:FastGrad<=-0.8160(need>0.25)
2025-11-21 06:54:30,708,LONG,24129.25,2025-11-21 07:04:30,728,24179.75,21,50.50,68.00,0.00,0.0000,0.215700,0,VALIDATION_FAILED:FastGrad<=0.2157(need>0.25)
2025-11-21 13:07:30,1454,LONG,24103.25,2025-11-21 13:17:30,1474,24137.75,21,34.50,46.25,0.00,0.0000,0.269900,0,VALIDATION_FAILED:FastGrad<=-0.2699(need>0.25)
2025-11-21 14:31:00,1621,LONG,24128.75,2025-11-21 14:41:00,1641,24160.50,21,31.75,54.25,60.75,0.2518,0.045200,1,VALIDATION_FAILED:FastGrad<=-0.0452(need>0.25)
2025-11-21 17:58:30,2036,SHORT,24030.50,2025-11-21 18:08:00,2055,23992.75,20,37.75,83.50,17.50,0.0728,1.299000,0,VALIDATION_FAILED:FastGrad>=1.2990(need<-0.25)
2025-11-21 10:52:00,1183,LONG,24183.50,2025-11-21 11:01:00,1201,24207.75,19,24.25,28.50,0.00,0.0000,0.245100,0,VALIDATION_FAILED:FastGrad<=0.2451(need>0.25)
2025-11-21 13:47:00,1533,SHORT,24076.00,2025-11-21 13:56:00,1551,24030.00,19,46.00,60.75,0.00,0.0000,0.371900,0,VALIDATION_FAILED:FastGrad>=0.3719(need<-0.25)
2025-11-21 16:15:30,1830,SHORT,24244.00,2025-11-21 16:24:30,1848,24204.25,19,39.75,53.00,0.00,0.0000,0.145800,1,VALIDATION_FAILED:FastGrad>=0.1458(need<-0.25)
2025-11-21 10:03:30,1086,LONG,24094.75,2025-11-21 10:12:00,1103,24155.25,18,60.50,80.75,1.00,0.0042,0.029400,1,VALIDATION_FAILED:FastGrad<=-0.0294(need>0.25)
2025-11-21 18:08:30,2056,LONG,24008.25,2025-11-21 18:17:00,2073,24053.25,18,45.00,74.25,0.00,0.0000,0.616400,0,VALIDATION_FAILED:FastGrad<=-0.6164(need>0.25)
2025-11-21 17:44:00,2007,LONG,23995.50,2025-11-21 17:52:00,2023,24056.00,17,60.50,98.00,0.00,0.0000,2.013000,0,VALIDATION_FAILED:FastGrad<=-2.0130(need>0.25)
2025-11-21 01:42:30,84,LONG,24118.75,2025-11-21 01:50:00,99,24147.75,16,29.00,45.75,0.00,0.0000,0.510500,0,VALIDATION_FAILED:FastGrad<=-0.5105(need>0.25)
2025-11-21 07:13:00,745,LONG,24179.75,2025-11-21 07:20:30,760,24184.50,16,4.75,24.50,0.00,0.0000,0.478400,0,VALIDATION_FAILED:FastGrad<=-1.6786(need>0.25)
2025-11-21 13:25:30,1490,SHORT,24119.00,2025-11-21 13:33:00,1505,24092.25,16,26.75,36.75,0.00,0.0000,0.258000,0,VALIDATION_FAILED:FastGrad>=0.2580(need<-0.25)
2025-11-21 02:06:30,132,LONG,24142.00,2025-11-21 02:13:30,146,24164.00,15,22.00,34.00,0.00,0.0000,0.276400,0,VALIDATION_FAILED:FastGrad<=-0.2764(need>0.25)
2025-11-21 14:45:00,1649,LONG,24165.50,2025-11-21 14:52:00,1663,24212.00,15,46.50,84.50,0.00,0.0000,1.944700,0,VALIDATION_FAILED:FastGrad<=-1.9447(need>0.25)
2025-11-21 16:50:30,1900,LONG,24195.75,2025-11-21 16:57:00,1913,24198.25,14,2.50,85.50,4.25,0.0176,2.967100,0,VALIDATION_FAILED:FastGrad<=-6.8781(need>0.25)
2025-11-21 03:33:00,305,SHORT,24214.00,2025-11-21 03:39:00,317,24197.50,13,16.50,33.25,0.00,0.0000,0.153000,1,VALIDATION_FAILED:FastGrad>=-0.1530(need<-0.25)
2025-11-21 04:10:00,379,SHORT,24195.75,2025-11-21 04:16:00,391,24175.25,13,20.50,34.00,0.00,0.0000,0.377300,0,VALIDATION_FAILED:FastGrad>=0.3773(need<-0.25)
2025-11-21 05:52:00,583,SHORT,24212.25,2025-11-21 05:58:00,595,24206.50,13,5.75,16.50,0.00,0.0000,0.519600,0,VALIDATION_FAILED:FastGrad>=0.5196(need<-0.25)
2025-11-21 09:33:30,1026,SHORT,24182.00,2025-11-21 09:39:30,1038,24154.50,13,27.50,42.25,0.00,0.0000,0.056600,1,VALIDATION_FAILED:FastGrad>=0.0566(need<-0.25)
2025-11-21 09:52:00,1063,SHORT,24097.50,2025-11-21 09:58:00,1075,24084.00,13,13.50,27.25,0.50,0.0021,0.619600,0,VALIDATION_FAILED:FastGrad>=0.6196(need<-0.25)
2025-11-21 12:50:00,1419,LONG,24052.00,2025-11-21 12:56:00,1431,24075.00,13,23.00,39.50,1.50,0.0062,0.517800,0,VALIDATION_FAILED:FastGrad<=-0.5178(need>0.25)
2025-11-21 15:25:30,1730,SHORT,24237.00,2025-11-21 15:31:30,1742,24227.50,13,9.50,44.50,0.00,0.0000,1.735800,0,VALIDATION_FAILED:FastGrad>=1.7358(need<-0.25)
2025-11-21 03:23:00,285,LONG,24216.50,2025-11-21 03:28:30,296,24220.00,12,3.50,12.25,4.00,0.0165,0.132100,1,VALIDATION_FAILED:FastGrad<=0.1321(need>0.25)
2025-11-21 09:11:30,982,SHORT,24172.75,2025-11-21 09:17:00,993,24169.00,12,3.75,13.25,0.00,0.0000,0.493700,0,VALIDATION_FAILED:FastGrad>=0.5401(need<-0.25)
2025-11-21 10:44:00,1167,LONG,24151.75,2025-11-21 10:49:30,1178,24171.25,12,19.50,41.25,0.00,0.0000,0.380000,0,VALIDATION_FAILED:FastGrad<=-0.3800(need>0.25)
2025-11-21 14:09:00,1577,SHORT,24024.50,2025-11-21 14:14:30,1588,24006.50,12,18.00,49.50,0.75,0.0031,0.913100,0,VALIDATION_FAILED:FastGrad>=0.9131(need<-0.25)
2025-11-21 17:27:30,1974,SHORT,24122.00,2025-11-21 17:33:00,1985,24077.75,12,44.25,78.50,0.00,0.0000,1.651400,0,VALIDATION_FAILED:FastGrad>=1.6514(need<-0.25)
2025-11-21 03:16:00,271,LONG,24200.00,2025-11-21 03:21:00,281,24202.75,11,2.75,8.50,0.00,0.0000,0.065700,1,VALIDATION_FAILED:FastGrad<=-0.0657(need>0.25)
2025-11-21 03:40:30,320,LONG,24205.50,2025-11-21 03:45:30,330,24215.00,11,9.50,23.25,0.00,0.0000,0.722500,0,VALIDATION_FAILED:FastGrad<=-0.7365(need>0.25)
2025-11-21 08:27:00,893,SHORT,24164.75,2025-11-21 08:32:00,903,24149.00,11,15.75,32.75,0.00,0.0000,0.473400,0,VALIDATION_FAILED:FastGrad>=0.4734(need<-0.25)
2025-11-21 13:19:00,1477,SHORT,24121.50,2025-11-21 13:24:00,1487,24130.25,11,-8.75,10.25,0.75,0.0031,1.760600,0,VALIDATION_FAILED:FastGrad>=1.7606(need<-0.25)
2025-11-21 16:09:30,1818,LONG,24240.75,2025-11-21 16:14:30,1828,24241.75,11,1.00,21.25,0.00,0.0000,1.414100,0,VALIDATION_FAILED:FastGrad<=-1.4141(need>0.25)
2025-11-21 17:11:00,1941,SHORT,24120.00,2025-11-21 17:16:00,1951,24135.25,11,-15.25,25.75,4.50,0.0187,3.125600,0,VALIDATION_FAILED:FastGrad>=3.1256(need<-0.25)
2025-11-21 06:48:30,696,SHORT,24120.25,2025-11-21 06:53:00,705,24117.75,10,2.50,9.75,7.75,0.0321,0.176600,1,VALIDATION_FAILED:FastGrad>=-0.1766(need<-0.25)
2025-11-21 08:22:00,883,LONG,24166.75,2025-11-21 08:26:30,892,24172.75,10,6.00,10.50,0.00,0.0000,0.135900,1,VALIDATION_FAILED:FastGrad<=0.1359(need>0.25)
2025-11-21 08:41:00,921,LONG,24160.75,2025-11-21 08:45:30,930,24169.75,10,9.00,13.75,0.25,0.0010,0.218500,0,VALIDATION_FAILED:FastGrad<=0.2185(need>0.25)
2025-11-21 10:34:00,1147,SHORT,24146.75,2025-11-21 10:38:30,1156,24139.50,10,7.25,25.50,0.00,0.0000,0.660400,0,VALIDATION_FAILED:FastGrad>=0.7762(need<-0.25)
2025-11-21 12:21:00,1361,SHORT,23945.75,2025-11-21 12:25:30,1370,23943.75,10,2.00,16.25,0.00,0.0000,0.464000,0,VALIDATION_FAILED:FastGrad>=1.2427(need<-0.25)
2025-11-21 13:38:30,1516,SHORT,24089.75,2025-11-21 13:43:00,1525,24080.75,10,9.00,25.25,0.00,0.0000,0.226500,0,VALIDATION_FAILED:FastGrad>=-0.2265(need<-0.25)
2025-11-21 14:22:00,1603,SHORT,23990.00,2025-11-21 14:26:30,1612,23975.25,10,14.75,29.50,0.00,0.0000,0.105400,1,VALIDATION_FAILED:FastGrad>=-0.1054(need<-0.25)
2025-11-21 15:02:30,1684,SHORT,24198.00,2025-11-21 15:07:00,1693,24175.75,10,22.25,52.00,0.00,0.0000,0.379800,0,VALIDATION_FAILED:FastGrad>=0.3798(need<-0.25)
2025-11-21 15:36:00,1751,LONG,24241.75,2025-11-21 15:40:30,1760,24250.25,10,8.50,23.50,0.00,0.0000,0.174200,1,VALIDATION_FAILED:FastGrad<=0.1742(need>0.25)
